domain-name,dns-a,dns-aaaa,dns-mx,dns-ns,geoip-country
covid[.]com,192[.]82[.]251[.]133,,covid-com[.]mail[.]protection[.]outlook[.]com,ns63[.]domaincontrol[.]com;ns64[.]domaincontrol[.]com,United States
covida[.]com,69[.]172[.]201[.]153,,mx247[.]in-mx[.]com;mx247[.]in-mx[.]net,ns1[.]uniregistrymarket[.]link;ns2[.]uniregistrymarket[.]link,United States
covidb[.]com,,,,ns-cloud-c1[.]googledomains[.]com;ns-cloud-c2[.]googledomains[.]com;ns-cloud-c3[.]googledomains[.]com;ns-cloud-c4[.]googledomains[.]com,
covidd[.]com,69[.]16[.]230[.]43,,mx156[.]hostedmxserver[.]com,ns1[.]parklogic[.]com;ns2[.]parklogic[.]com,United States
covide[.]com,72[.]52[.]10[.]14,,bh[.]markmonitor[.]com,ns1[.]markmonitor[.]com;ns2[.]markmonitor[.]com;ns3[.]markmonitor[.]com;ns4[.]markmonitor[.]com;ns5[.]markmonitor[.]com;ns6[.]markmonitor[.]com;ns7[.]markmonitor[.]com,United States
covidh[.]com,184[.]168[.]221[.]46,,,ns55[.]domaincontrol[.]com;ns56[.]domaincontrol[.]com,United States
covidi[.]com,54[.]86[.]232[.]200,,alt1[.]aspmx[.]l[.]google[.]com;alt2[.]aspmx[.]l[.]google[.]com;aspmx[.]l[.]google[.]com;aspmx2[.]googlemail[.]com;aspmx3[.]googlemail[.]com,ns13[.]domaincontrol[.]com;ns14[.]domaincontrol[.]com,United States
covidj[.]com,163[.]172[.]190[.]179,,ALT1[.]ASPMX[.]L[.]GOOGLE[.]com;ALT2[.]ASPMX[.]L[.]GOOGLE[.]com;ASPMX[.]L[.]GOOGLE[.]com;ASPMX2[.]GOOGLEMAIL[.]com;ASPMX3[.]GOOGLEMAIL[.]com;ASPMX4[.]GOOGLEMAIL[.]com;ASPMX5[.]GOOGLEMAIL[.]com,ns1[.]sysdivision[.]com;ns2[.]sysdivision[.]com,France
covidk[.]com,35[.]243[.]238[.]238,,,ns23[.]domaincontrol[.]com;ns24[.]domaincontrol[.]com,United States
covidl[.]com,185[.]53[.]178[.]7,,mail[.]h-email[.]net,ns1[.]parkingcrew[.]net;ns2[.]parkingcrew[.]net,Germany
covido[.]com,104[.]28[.]0[.]99;104[.]28[.]1[.]99,2606:4700:3031::681c:163;2606:4700:3037::681c:63,alt1[.]aspmx[.]l[.]google[.]com;alt2[.]aspmx[.]l[.]google[.]com;aspmx[.]l[.]google[.]com;aspmx2[.]googlemail[.]com;aspmx3[.]googlemail[.]com,jeff[.]ns[.]cloudflare[.]com;lara[.]ns[.]cloudflare[.]com,United States
covidq[.]com,205[.]178[.]189[.]129,,,dns1[.]namesecure[.]com;dns2[.]namesecure[.]com,United States
covidr[.]com,184[.]168[.]221[.]54,,,ns09[.]domaincontrol[.]com;ns10[.]domaincontrol[.]com,United States
covids[.]com,23[.]236[.]62[.]147,,,ns8[.]wixdns[.]net;ns9[.]wixdns[.]net,United States
covidt[.]com,64[.]98[.]145[.]30,,mx[.]hover[.]com[.]cust[.]hostedemail[.]com,ns1[.]hover[.]com;ns2[.]hover[.]com,Canada
covidu[.]com,172[.]104[.]28[.]215,,ALT1[.]ASPMX[.]L[.]GOOGLE[.]com;ALT2[.]ASPMX[.]L[.]GOOGLE[.]com;ASPMX[.]L[.]GOOGLE[.]com;ASPMX2[.]GOOGLEMAIL[.]com;ASPMX3[.]GOOGLEMAIL[.]com,ns1[.]hyp[.]net;ns2[.]hyp[.]net;ns3[.]hyp[.]net,United States
covidv[.]com,184[.]168[.]221[.]54,,,ns33[.]domaincontrol[.]com;ns34[.]domaincontrol[.]com,United States
covidx[.]com,,,,dns10[.]hichina[.]com;dns9[.]hichina[.]com,
covidy[.]com,,,,ns-cloud-a1[.]googledomains[.]com;ns-cloud-a2[.]googledomains[.]com;ns-cloud-a3[.]googledomains[.]com;ns-cloud-a4[.]googledomains[.]com,
covidz[.]com,216[.]239[.]32[.]21;216[.]239[.]34[.]21;216[.]239[.]36[.]21;216[.]239[.]38[.]21,2001:4860:4802:32::15;2001:4860:4802:34::15;2001:4860:4802:36::15;2001:4860:4802:38::15,,ns-cloud-b1[.]googledomains[.]com;ns-cloud-b2[.]googledomains[.]com;ns-cloud-b3[.]googledomains[.]com;ns-cloud-b4[.]googledomains[.]com,United States
bovid[.]com,159[.]8[.]210[.]35,,mail[.]efty[.]com,ns1[.]eftydns[.]com;ns2[.]eftydns[.]com,Netherlands
aovid[.]com,208[.]113[.]215[.]172,,,ns1[.]dreamhost[.]com;ns2[.]dreamhost[.]com;ns3[.]dreamhost[.]com,United States
govid[.]com,50[.]63[.]202[.]79,,alt1[.]aspmx[.]l[.]google[.]com;alt2[.]aspmx[.]l[.]google[.]com;aspmx[.]l[.]google[.]com;aspmx2[.]googlemail[.]com;aspmx3[.]googlemail[.]com,ns13[.]domaincontrol[.]com;ns14[.]domaincontrol[.]com,United States
kovid[.]com,69[.]172[.]201[.]153,,,ns1[.]uniregistrymarket[.]link;ns2[.]uniregistrymarket[.]link,United States
sovid[.]com,69[.]172[.]201[.]153,,mx247[.]in-mx[.]com;mx247[.]in-mx[.]net,ns1[.]uniregistrymarket[.]link;ns2[.]uniregistrymarket[.]link,United States
cnvid[.]com,,,mail[.]cnvid[.]com,ns1[.]dns[.]com[.]cn;ns2[.]dns[.]com[.]cn,
cmvid[.]com,23[.]236[.]62[.]147,,mailstore1[.]secureserver[.]net;smtp[.]secureserver[.]net,ns10[.]wixdns[.]net;ns11[.]wixdns[.]net,United States
cgvid[.]com,91[.]195[.]240[.]126,,mail[.]pickelhost[.]com,ns1[.]sedoparking[.]com;ns2[.]sedoparking[.]com,Germany
cowid[.]com,69[.]172[.]201[.]153,,mx247[.]in-mx[.]com;mx247[.]in-mx[.]net,ns1[.]uniregistrymarket[.]link;ns2[.]uniregistrymarket[.]link,United States
cotid[.]com,217[.]160[.]223[.]155,,mx00[.]kundenserver[.]de;mx01[.]kundenserver[.]de,ns1092[.]ui-dns[.]biz;ns1092[.]ui-dns[.]com;ns1092[.]ui-dns[.]de;ns1092[.]ui-dns[.]org,Germany
corid[.]com,35[.]208[.]6[.]109,,mx10[.]mailspamprotection[.]com;mx20[.]mailspamprotection[.]com;mx30[.]mailspamprotection[.]com,ns1[.]us72[.]siteground[.]us;ns2[.]us72[.]siteground[.]us,United States
cofid[.]com,194[.]206[.]126[.]204,,exchange[.]airflux[.]fr,ns1[.]lerelaisinternet[.]com;ns2[.]lerelaisinternet[.]com,France
covmd[.]com,162[.]255[.]119[.]132,,eforward1[.]registrar-servers[.]com;eforward2[.]registrar-servers[.]com;eforward3[.]registrar-servers[.]com;eforward4[.]registrar-servers[.]com;eforward5[.]registrar-servers[.]com,dns1[.]registrar-servers[.]com;dns2[.]registrar-servers[.]com,United States
covad[.]com,35[.]185[.]236[.]43,,mx1[.]hc3324-5[.]iphmx[.]com;mx2[.]hc3324-5[.]iphmx[.]com,ns1[.]gtt[.]net;ns2[.]gtt[.]net;ns3[.]gtt[.]net,United States
covyd[.]com,52[.]0[.]217[.]44,,,ns1[.]dynadot[.]com;ns2[.]dynadot[.]com,United States
covie[.]com,35[.]186[.]238[.]101,,,ns1[.]namefind[.]com;ns2[.]namefind[.]com,United States
covif[.]com,217[.]160[.]0[.]48,,mx00[.]1and1[.]fr;mx01[.]1and1[.]fr,ns1114[.]ui-dns[.]biz;ns1114[.]ui-dns[.]com;ns1114[.]ui-dns[.]de;ns1114[.]ui-dns[.]org,Germany
covil[.]com,192[.]64[.]147[.]150,,mx1[.]covil[.]com,dns1[.]yoho[.]com;dns2[.]yoho[.]com,United States
covit[.]com,62[.]22[.]11[.]25,,as10[.]sirt[.]com;as20[.]sirt[.]com,ns01[.]sirt[.]es;ns02[.]sirt[.]es;ns03[.]sirt[.]es,Spain
c0vid[.]com,195[.]110[.]124[.]133,,mail[.]register[.]it,ns1[.]register[.]it;ns2[.]register[.]it,Italy
cov1d[.]com,50[.]63[.]202[.]62,,,ns23[.]domaincontrol[.]com;ns24[.]domaincontrol[.]com,United States
covid1[.]com,184[.]168[.]221[.]39,,,ns55[.]domaincontrol[.]com;ns56[.]domaincontrol[.]com,United States
c0v1d[.]com,,,,anirban[.]ns[.]cloudflare[.]com;rosalyn[.]ns[.]cloudflare[.]com,
covib[.]com,82[.]223[.]69[.]203,,mail[.]covib[.]com,ns41[.]refineriaweb[.]com;ns42[.]refineriaweb[.]com,Spain
eovid[.]com,184[.]168[.]221[.]62,,mailstore1[.]secureserver[.]net;smtp[.]secureserver[.]net,ns31[.]domaincontrol[.]com;ns32[.]domaincontrol[.]com,United States
covici[.]com,70[.]109[.]53[.]110,,covici-com[.]relay1a[.]spamh[.]com;covici-com[.]relay1b[.]spamh[.]com;covici-com[.]relay1c[.]spamh[.]com,ns[.]phx1[.]nearlyfreespeech[.]net;ns[.]phx7[.]nearlyfreespeech[.]net,United States
coviel[.]com,207[.]148[.]248[.]143,,,,United States
covld[.]com,52[.]0[.]217[.]44,,,ns1[.]dynadot[.]com;ns2[.]dynadot[.]com,United States
co-vid[.]com,184[.]168[.]221[.]55,,,ns67[.]domaincontrol[.]com;ns68[.]domaincontrol[.]com,United States
cov-id[.]com,91[.]195[.]240[.]126,,mail[.]pickelhost[.]com,ns1[.]sedoparking[.]com;ns2[.]sedoparking[.]com,Germany
covkid[.]com,217[.]160[.]0[.]125,2001:8d8:100f:f000::2c6,mx00[.]schlund[.]de;mx01[.]schlund[.]de,ns1023[.]ui-dns[.]com;ns1054[.]ui-dns[.]org;ns1101[.]ui-dns[.]biz;ns1122[.]ui-dns[.]de,Germany
clovid[.]com,74[.]208[.]236[.]238,2607:f1c0:100f:f000::231,mx00[.]1and1[.]com;mx01[.]1and1[.]com,ns1059[.]ui-dns[.]biz;ns1059[.]ui-dns[.]com;ns1059[.]ui-dns[.]de;ns1059[.]ui-dns[.]org,United States
covbid[.]com,51[.]89[.]230[.]200,,covbid[.]com,ns1[.]hostxnow[.]com;ns2[.]hostxnow[.]com,United Kingdom
covoid[.]com,,,,ns1hnx[.]name[.]com;ns2bls[.]name[.]com;ns3cpr[.]name[.]com;ns4cgs[.]name[.]com,
colvid[.]com,194[.]58[.]112[.]174,,,ns1[.]reg[.]ru;ns2[.]reg[.]ru,Russian Federation
ovid[.]com,160[.]109[.]106[.]41,,wolterskluwer[.]mail[.]protection[.]outlook[.]com,ns1[.]ri[.]ovid[.]com;ns1[.]tx[.]ovid[.]com,United States
coid[.]com,50[.]63[.]202[.]43,,,ns17[.]domaincontrol[.]com;ns18[.]domaincontrol[.]com,United States
covi[.]com,,,mx[.]mailbox[.]orange-business[.]com,ns6[.]oleane[.]net;ns7[.]oleane[.]net,
cvid[.]com,34[.]206[.]12[.]234;35[.]169[.]58[.]188;54[.]208[.]77[.]124,,,ns3[.]afternic[.]com;ns4[.]afternic[.]com,United States
covd[.]com,91[.]195[.]240[.]126,,mail[.]pickelhost[.]com,ns1[.]sedoparking[.]com;ns2[.]sedoparking[.]com,Germany
ccovid[.]com,217[.]160[.]0[.]133,2001:8d8:100f:f000::2c0,mx00[.]ionos[.]co[.]uk;mx01[.]ionos[.]co[.]uk,ns1060[.]ui-dns[.]de;ns1078[.]ui-dns[.]com;ns1078[.]ui-dns[.]org;ns1099[.]ui-dns[.]biz,Germany
coviid[.]com,104[.]18[.]56[.]81;104[.]18[.]57[.]81,2606:4700:3034::6812:3951;2606:4700:3035::6812:3851,eforward1[.]registrar-servers[.]com;eforward2[.]registrar-servers[.]com;eforward3[.]registrar-servers[.]com;eforward4[.]registrar-servers[.]com;eforward5[.]registrar-servers[.]com,dawn[.]ns[.]cloudflare[.]com;justin[.]ns[.]cloudflare[.]com,United States
coovid[.]com,35[.]186[.]238[.]101,,0;10,ns01[.]cashparking[.]com;ns02[.]cashparking[.]com,United States
covvid[.]com,107[.]161[.]23[.]204;192[.]161[.]187[.]200;209[.]141[.]38[.]71,,,ns1[.]dnsowl[.]com;ns2[.]dnsowl[.]com;ns3[.]dnsowl[.]com,United States
civid[.]com,50[.]63[.]202[.]51,,mx[.]zoho[.]com;mx2[.]zoho[.]com;mx3[.]zoho[.]com,ns07[.]domaincontrol[.]com;ns08[.]domaincontrol[.]com,United States
cogid[.]com,23[.]20[.]239[.]12,,,nsg1[.]namebrightdns[.]com;nsg2[.]namebrightdns[.]com,United States
cocid[.]com,69[.]172[.]201[.]153,,,ns1[.]uniregistrymarket[.]link;ns2[.]uniregistrymarket[.]link,United States
dovid[.]com,184[.]168[.]221[.]36,,mailstore1[.]secureserver[.]net;smtp[.]secureserver[.]net,ns75[.]domaincontrol[.]com;ns76[.]domaincontrol[.]com,United States
xovid[.]com,208[.]73[.]210[.]202;208[.]73[.]210[.]217;208[.]73[.]211[.]165;208[.]73[.]211[.]177,,,ns1[.]dsredirection[.]com;ns2[.]dsredirection[.]com,United States
vovid[.]com,69[.]164[.]223[.]52,2600:3c03:1::45a4:df34,,,United States
cobid[.]com,69[.]172[.]201[.]153,,,ns1[.]uniregistrymarket[.]link;ns2[.]uniregistrymarket[.]link,United States
fovid[.]com,23[.]20[.]239[.]12,,,nsg1[.]namebrightdns[.]com;nsg2[.]namebrightdns[.]com,United States
cov8d[.]com,158[.]85[.]87[.]76,,mail[.]cov8d[.]com,slns1[.]namespro[.]ca;slns2[.]namespro[.]ca,Canada
covod[.]com,45[.]56[.]111[.]241,,,,United States
covic[.]com,72[.]9[.]105[.]30,,,,United States
covix[.]com,50[.]31[.]162[.]117,,covix[.]com,ns5[.]webhostingpad[.]com;ns6[.]webhostingpad[.]com,United States
covir[.]com,207[.]148[.]248[.]143,,,,United States
covis[.]com,,,,ns1[.]myhostadmin[.]net;ns2[.]myhostadmin[.]net;ns3[.]myhostadmin[.]net;ns4[.]myhostadmin[.]net;ns5[.]myhostadmin[.]net;ns6[.]myhostadmin[.]net,
cpvid[.]com,184[.]168[.]131[.]241,,mailstore1[.]secureserver[.]net;smtp[.]secureserver[.]net,ns75[.]domaincontrol[.]com;ns76[.]domaincontrol[.]com,United States
co[.]vid[.]com,216[.]176[.]81[.]56,,,,United States
ocvid[.]com,184[.]168[.]221[.]49,,,ns19[.]domaincontrol[.]com;ns20[.]domaincontrol[.]com,United States
cvoid[.]com,23[.]20[.]239[.]12,,,nsg1[.]namebrightdns[.]com;nsg2[.]namebrightdns[.]com,United States
covdi[.]com,52[.]0[.]217[.]44,,,ns1[.]dynadot[.]com;ns2[.]dynadot[.]com,United States
cavid[.]com,,,backup-mx[.]sasg[.]de;in-mx[.]sasg[.]de,ns1[.]sasg[.]de;ns1[.]sasg[.]eu;ns2[.]sasg[.]de,
cuvid[.]com,66[.]45[.]246[.]141,,,,United States
coved[.]com,84[.]239[.]65[.]6,,cust60160-1[.]in[.]mailcontrol[.]com;cust60160-2[.]in[.]mailcontrol[.]com,ns[.]icodia[.]com;ns2[.]icodia[.]com;ns3[.]icodia[.]com,France
cevid[.]com,69[.]172[.]201[.]153,,mx247[.]in-mx[.]com;mx247[.]in-mx[.]net,ns1[.]uniregistrymarket[.]link;ns2[.]uniregistrymarket[.]link,United States
covidcom[.]com,184[.]168[.]221[.]61,,,ns45[.]domaincontrol[.]com;ns46[.]domaincontrol[.]com,United States
covid19[.]com,34[.]202[.]122[.]77;35[.]169[.]225[.]248;52[.]0[.]7[.]30,,parkmail[.]dynadot[.]com,ns1[.]dynadot[.]com;ns2[.]dynadot[.]com,United States
covid19a[.]com,199[.]59[.]242[.]153,,mx76[.]m2bp[.]com;mx76[.]mb1p[.]com,ns1[.]bodis[.]com;ns2[.]bodis[.]com,United States
covid19b[.]com,199[.]59[.]242[.]153,,mx76[.]m2bp[.]com;mx76[.]mb1p[.]com,ns1[.]bodis[.]com;ns2[.]bodis[.]com,United States
covid19k[.]com,184[.]168[.]221[.]39,,,ns45[.]domaincontrol[.]com;ns46[.]domaincontrol[.]com,United States
covid19l[.]com,,,,ns1[.]monikerdns[.]net;ns2[.]monikerdns[.]net;ns3[.]monikerdns[.]net;ns4[.]monikerdns[.]net,
covid19n[.]com,51[.]178[.]80[.]15,,fwd1[.]porkbun[.]com;fwd2[.]porkbun[.]com,curitiba[.]porkbun[.]com;fortaleza[.]porkbun[.]com;maceio[.]porkbun[.]com;salvador[.]porkbun[.]com,United Kingdom
covid19s[.]com,184[.]168[.]131[.]241,,,ns59[.]domaincontrol[.]com;ns60[.]domaincontrol[.]com,United States
covid19t[.]com,184[.]168[.]221[.]57,,,ns51[.]domaincontrol[.]com;ns52[.]domaincontrol[.]com,United States
covid19v[.]com,184[.]168[.]131[.]241,,,ns43[.]domaincontrol[.]com;ns44[.]domaincontrol[.]com,United States
covid19w[.]com,198[.]71[.]232[.]3,,,ns73[.]domaincontrol[.]com;ns74[.]domaincontrol[.]com,United States
covid19x[.]com,50[.]63[.]202[.]55,,,ns29[.]domaincontrol[.]com;ns30[.]domaincontrol[.]com,United States
govid19[.]com,103[.]224[.]182[.]250,,park-mx[.]above[.]com,ns1[.]above[.]com;ns2[.]above[.]com,Australia
kovid19[.]com,107[.]161[.]23[.]204;192[.]161[.]187[.]200;209[.]141[.]38[.]71,,,ns1[.]dnsowl[.]com;ns2[.]dnsowl[.]com;ns3[.]dnsowl[.]com,United States
cowid19[.]com,91[.]195[.]240[.]126,,mail[.]pickelhost[.]com,ns1[.]sedoparking[.]com;ns2[.]sedoparking[.]com,Germany
covad19[.]com,50[.]63[.]202[.]49,,,ns39[.]domaincontrol[.]com;ns40[.]domaincontrol[.]com,United States
covif19[.]com,35[.]186[.]238[.]101,,0;10,ns01[.]cashparking[.]com;ns02[.]cashparking[.]com,United States
covit19[.]com,,,covit19[.]com;fallbackmail[.]zxcs[.]nl,ns1[.]zxcs[.]nl;ns2[.]zxcs[.]nl;ns3[.]zxcs[.]nl,
covid99[.]com,163[.]44[.]198[.]50,,,ns-a1[.]cloud[.]z[.]com;ns-a3[.]cloud[.]z[.]com;ns-a4[.]cloud[.]z[.]com,Singapore
covid18[.]com,162[.]255[.]119[.]217,,eforward1[.]registrar-servers[.]com;eforward2[.]registrar-servers[.]com;eforward3[.]registrar-servers[.]com;eforward4[.]registrar-servers[.]com;eforward5[.]registrar-servers[.]com,dns1[.]registrar-servers[.]com;dns2[.]registrar-servers[.]com,United States
covid119[.]com,121[.]254[.]178[.]252,,,ns[.]gabia[.]co[.]kr;ns[.]gabia[.]net;ns1[.]gabia[.]co[.]kr,Korea
covib19[.]com,184[.]168[.]221[.]61,,,ns09[.]domaincontrol[.]com;ns10[.]domaincontrol[.]com,United States
covld19[.]com,109[.]232[.]217[.]70,,covld19[.]com,cpns1[.]turhost[.]com;cpns2[.]turhost[.]com,Turkey
c0vid19[.]com,69[.]172[.]201[.]153,,mx247[.]in-mx[.]com;mx247[.]in-mx[.]net,ns1[.]uniregistrymarket[.]link;ns2[.]uniregistrymarket[.]link,United States
cov1d19[.]com,213[.]159[.]212[.]174,,,ns1[.]reg[.]ru;ns2[.]reg[.]ru,Russian Federation
c0vld19[.]com,68[.]65[.]122[.]207,,smx1[.]web-hosting[.]com;smx2[.]web-hosting[.]com;smx3[.]web-hosting[.]com,dns1[.]namecheaphosting[.]com;dns2[.]namecheaphosting[.]com,United States
co-vid19[.]com,50[.]63[.]202[.]40,,,ns03[.]domaincontrol[.]com;ns04[.]domaincontrol[.]com,United States
cov-id19[.]com,,,,dns10[.]hichina[.]com;dns9[.]hichina[.]com,
covi-d19[.]com,184[.]168[.]131[.]241,,,ns21[.]domaincontrol[.]com;ns22[.]domaincontrol[.]com,United States
covid-19[.]com,192[.]0[.]78[.]12;192[.]0[.]78[.]13,,,vip1[.]alidns[.]com;vip2[.]alidns[.]com,United States
covid1-9[.]com,35[.]239[.]224[.]205,,,ns-cloud-e1[.]googledomains[.]com;ns-cloud-e2[.]googledomains[.]com;ns-cloud-e3[.]googledomains[.]com;ns-cloud-e4[.]googledomains[.]com,United States
covoid19[.]com,50[.]63[.]202[.]49,,,ns59[.]domaincontrol[.]com;ns60[.]domaincontrol[.]com,United States
colvid19[.]com,217[.]160[.]0[.]227,2001:8d8:100f:f000::270,mx00[.]ionos[.]es;mx01[.]ionos[.]es,ns1051[.]ui-dns[.]com;ns1077[.]ui-dns[.]org;ns1088[.]ui-dns[.]biz;ns1109[.]ui-dns[.]de,Germany
covide19[.]com,184[.]168[.]221[.]63,,,ns03[.]domaincontrol[.]com;ns04[.]domaincontrol[.]com,United States
covida19[.]com,93[.]176[.]147[.]136,,,dns111[.]ovh[.]net;ns111[.]ovh[.]net,Russian Federation
covids19[.]com,50[.]63[.]202[.]42,,,ns03[.]domaincontrol[.]com;ns04[.]domaincontrol[.]com,United States
clovid19[.]com,50[.]63[.]202[.]53,,,ns67[.]domaincontrol[.]com;ns68[.]domaincontrol[.]com,United States
covidx19[.]com,121[.]254[.]178[.]252,,,ns[.]gabia[.]co[.]kr;ns[.]gabia[.]net;ns1[.]gabia[.]co[.]kr,Korea
ovid19[.]com,199[.]59[.]242[.]153,,mx76[.]m2bp[.]com;mx76[.]mb1p[.]com,ns1[.]bodis[.]com;ns2[.]bodis[.]com,United States
covd19[.]com,173[.]236[.]153[.]24,,,ns1[.]dreamhost[.]com;ns2[.]dreamhost[.]com;ns3[.]dreamhost[.]com,United States
covi19[.]com,88[.]214[.]207[.]96,,,ns3[.]epik[.]com;ns4[.]epik[.]com,United Kingdom
cvid19[.]com,50[.]63[.]202[.]37,,,ns03[.]domaincontrol[.]com;ns04[.]domaincontrol[.]com,United States
coid19[.]com,103[.]224[.]182[.]242,,park-mx[.]above[.]com,ns1[.]above[.]com;ns2[.]above[.]com,Australia
covid1[.]com,50[.]63[.]202[.]58,,,ns55[.]domaincontrol[.]com;ns56[.]domaincontrol[.]com,United States
covid9[.]com,50[.]63[.]202[.]47,,,ns55[.]domaincontrol[.]com;ns56[.]domaincontrol[.]com,United States
ccovid19[.]com,217[.]160[.]0[.]133,2001:8d8:100f:f000::2c0,mx00[.]ionos[.]co[.]uk;mx01[.]ionos[.]co[.]uk,ns1021[.]ui-dns[.]com;ns1028[.]ui-dns[.]biz;ns1047[.]ui-dns[.]de;ns1063[.]ui-dns[.]org,Germany
coviid19[.]com,184[.]168[.]221[.]46,,,ns45[.]domaincontrol[.]com;ns46[.]domaincontrol[.]com,United States
covidd19[.]com,69[.]16[.]230[.]43,,mx156[.]hostedmxserver[.]com,ns1[.]parklogic[.]com;ns2[.]parklogic[.]com,United States
coovid19[.]com,35[.]213[.]138[.]62,,mx10[.]mailspamprotection[.]com;mx20[.]mailspamprotection[.]com;mx30[.]mailspamprotection[.]com,ns1[.]gsgp1016[.]siteground[.]asia;ns2[.]gsgp1016[.]siteground[.]asia,United States
covvid19[.]com,91[.]198[.]146[.]247,,,nsr1[.]domeny[.]com;nsr2[.]domeny[.]com;nsr3[.]domeny[.]com;nsr4[.]domeny[.]com,Poland
vovid19[.]com,103[.]224[.]182[.]242,,park-mx[.]above[.]com,ns1[.]above[.]com;ns2[.]above[.]com,Australia
dovid19[.]com,184[.]168[.]221[.]43,,mailstore1[.]secureserver[.]net;smtp[.]secureserver[.]net,ns67[.]domaincontrol[.]com;ns68[.]domaincontrol[.]com,United States
covod19[.]com,199[.]59[.]242[.]153,,mx76[.]m2bp[.]com;mx76[.]mb1p[.]com,ns1[.]bodis[.]com;ns2[.]bodis[.]com,United States
cpvid19[.]com,185[.]53[.]178[.]6,,mail[.]h-email[.]net,ns1[.]parkingcrew[.]net;ns2[.]parkingcrew[.]net,Germany
covic19[.]com,104[.]24[.]102[.]206;104[.]24[.]103[.]206,2606:4700:3031::6818:66ce;2606:4700:3036::6818:67ce,,dale[.]ns[.]cloudflare[.]com;janet[.]ns[.]cloudflare[.]com,United States
covid10[.]com,184[.]168[.]221[.]58,,,ns33[.]domaincontrol[.]com;ns34[.]domaincontrol[.]com,United States
covir19[.]com,192[.]64[.]119[.]63,,eforward1[.]registrar-servers[.]com;eforward2[.]registrar-servers[.]com;eforward3[.]registrar-servers[.]com;eforward4[.]registrar-servers[.]com;eforward5[.]registrar-servers[.]com,dns1[.]registrar-servers[.]com;dns2[.]registrar-servers[.]com,United States
covis19[.]com,5[.]103[.]46[.]103,,,ns1[.]dreamhost[.]com;ns2[.]dreamhost[.]com;ns3[.]dreamhost[.]com,Denmark
civid19[.]com,31[.]170[.]160[.]61,,mx1[.]hostinger[.]mx;mx2[.]hostinger[.]mx,ns1[.]dns-parking[.]com;ns2[.]dns-parking[.]com,United States
covud19[.]com,103[.]224[.]182[.]242,,park-mx[.]above[.]com,ns1[.]above[.]com;ns2[.]above[.]com,Australia
cov8d19[.]com,158[.]85[.]87[.]76,,mail[.]cov8d19[.]com,slns1[.]namespro[.]ca;slns2[.]namespro[.]ca,Canada
covid29[.]com,151[.]101[.]1[.]195;151[.]101[.]65[.]195,,eforward1[.]registrar-servers[.]com;eforward2[.]registrar-servers[.]com;eforward3[.]registrar-servers[.]com;eforward4[.]registrar-servers[.]com;eforward5[.]registrar-servers[.]com,dns1[.]registrar-servers[.]com;dns2[.]registrar-servers[.]com,United States
xovid19[.]com,103[.]224[.]182[.]242,,park-mx[.]above[.]com,ns1[.]above[.]com;ns2[.]above[.]com,Australia
cocid19[.]com,50[.]63[.]202[.]54,,,ns65[.]domaincontrol[.]com;ns66[.]domaincontrol[.]com,United States
cobid19[.]com,35[.]214[.]255[.]253,,mx10[.]mailspamprotection[.]com;mx20[.]mailspamprotection[.]com;mx30[.]mailspamprotection[.]com,ns1[.]es41[.]siteground[.]eu;ns2[.]es41[.]siteground[.]eu,United States
c[.]ovid19[.]com,199[.]59[.]242[.]153,,,,United States
co[.]vid19[.]com,3[.]136[.]202[.]58;3[.]19[.]155[.]149;3[.]20[.]85[.]141,2600:1f16:389:3100:cb4a:8c7a:d7b:93e0;2600:1f16:389:3110:4665:4b26:d7a7:8088;2600:1f16:389:3120:fb5f:b3df:ed46:cb0,,,United States
covi[.]d19[.]com,185[.]53[.]178[.]9,,mail[.]h-email[.]net,ns1[.]parkingcrew[.]net;ns2[.]parkingcrew[.]net,Germany
ocvid19[.]com,77[.]111[.]240[.]190,2a02:2350:5:102:ef80:0:2178:46d,mx1[.]pub[.]mailpod9-cph3[.]one[.]com;mx2[.]pub[.]mailpod9-cph3[.]one[.]com;mx3[.]pub[.]mailpod9-cph3[.]one[.]com,ns01[.]one[.]com;ns02[.]one[.]com,France
cvoid19[.]com,52[.]0[.]217[.]44,,,ns1[.]dynadot[.]com;ns2[.]dynadot[.]com,United States
coivd19[.]com,188[.]93[.]150[.]128,2a00:4e40:1:1::2:208,,ns1[.]metaregistrar[.]nl;ns2[.]metaregistrar[.]nl,Netherlands
covdi19[.]com,103[.]224[.]182[.]242,,park-mx[.]above[.]com,ns1[.]above[.]com;ns2[.]above[.]com,Australia
covid91[.]com,77[.]111[.]240[.]191,,mx1[.]pub[.]mailpod9-cph3[.]one[.]com;mx2[.]pub[.]mailpod9-cph3[.]one[.]com;mx3[.]pub[.]mailpod9-cph3[.]one[.]com,ns01[.]one[.]com;ns02[.]one[.]com,France
coved19[.]com,198[.]71[.]232[.]3,,,ns03[.]domaincontrol[.]com;ns04[.]domaincontrol[.]com,United States
cavid19[.]com,192[.]185[.]20[.]115,,mail[.]cavid19[.]com,ns8049[.]hostgator[.]com;ns8050[.]hostgator[.]com,United States
coronavirus[.]com,162[.]242[.]150[.]89;176[.]34[.]241[.]253;23[.]253[.]58[.]227,,,ns1[.]uniregistry-dns[.]com;ns1[.]uniregistry-dns[.]net;ns2[.]uniregistry-dns[.]com;ns2[.]uniregistry-dns[.]net,United States
coronavirusa[.]com,50[.]63[.]202[.]46,,,ns71[.]domaincontrol[.]com;ns72[.]domaincontrol[.]com,United States
coronavirusc[.]com,198[.]185[.]159[.]144;198[.]185[.]159[.]145;198[.]49[.]23[.]144;198[.]49[.]23[.]145,,alt1[.]aspmx[.]l[.]google[.]com;alt2[.]aspmx[.]l[.]google[.]com;alt3[.]aspmx[.]l[.]google[.]com;alt4[.]aspmx[.]l[.]google[.]com;aspmx[.]l[.]google[.]com,dns1[.]p01[.]nsone[.]net;dns2[.]p01[.]nsone[.]net;dns3[.]p01[.]nsone[.]net;dns4[.]p01[.]nsone[.]net;ns01[.]squarespacedns[.]com;ns02[.]squarespacedns[.]com;ns03[.]squarespacedns[.]com;ns04[.]squarespacedns[.]com,United States
coronavirusd[.]com,198[.]71[.]232[.]3,,,ns63[.]domaincontrol[.]com;ns64[.]domaincontrol[.]com,United States
coronaviruse[.]com,37[.]140[.]192[.]137,2a00:f940:2:2:1:1:0:250,mx1[.]hosting[.]reg[.]ru;mx2[.]hosting[.]reg[.]ru,ns1[.]hosting[.]reg[.]ru;ns2[.]hosting[.]reg[.]ru,Russian Federation
coronavirusf[.]com,199[.]59[.]242[.]153,,mx76[.]m2bp[.]com;mx76[.]mb1p[.]com,ns1[.]bodis[.]com;ns2[.]bodis[.]com,United States
coronavirusi[.]com,192[.]64[.]119[.]232,,eforward1[.]registrar-servers[.]com;eforward2[.]registrar-servers[.]com;eforward3[.]registrar-servers[.]com;eforward4[.]registrar-servers[.]com;eforward5[.]registrar-servers[.]com,dns1[.]registrar-servers[.]com;dns2[.]registrar-servers[.]com,United States
coronavirusl[.]com,,,,ns1[.]monikerdns[.]net;ns2[.]monikerdns[.]net;ns3[.]monikerdns[.]net;ns4[.]monikerdns[.]net,
coronaviruso[.]com,162[.]255[.]119[.]195,,eforward1[.]registrar-servers[.]com;eforward2[.]registrar-servers[.]com;eforward3[.]registrar-servers[.]com;eforward4[.]registrar-servers[.]com;eforward5[.]registrar-servers[.]com,dns1[.]registrar-servers[.]com;dns2[.]registrar-servers[.]com,United States
coronavirusq[.]com,184[.]168[.]221[.]39,,,ns53[.]domaincontrol[.]com;ns54[.]domaincontrol[.]com,United States
coronaviruss[.]com,50[.]63[.]202[.]49,,,ns09[.]domaincontrol[.]com;ns10[.]domaincontrol[.]com,United States
coronavirust[.]com,192[.]64[.]119[.]21;23[.]227[.]38[.]65,,eforward1[.]registrar-servers[.]com;eforward2[.]registrar-servers[.]com;eforward3[.]registrar-servers[.]com;eforward4[.]registrar-servers[.]com;eforward5[.]registrar-servers[.]com,dns1[.]registrar-servers[.]com;dns2[.]registrar-servers[.]com,United States
coronavirusu[.]com,94[.]73[.]146[.]175,,mx-in04[.]natrohost[.]com;mx-in04b[.]natrohost[.]com,ns1[.]natrohost[.]com;ns2[.]natrohost[.]com,Turkey
coronavirusv[.]com,104[.]238[.]84[.]233,,,ns-cloud-a1[.]googledomains[.]com;ns-cloud-a2[.]googledomains[.]com;ns-cloud-a3[.]googledomains[.]com;ns-cloud-a4[.]googledomains[.]com,United States
coronavirusw[.]com,199[.]59[.]242[.]153,,mx76[.]m2bp[.]com;mx76[.]mb1p[.]com,ns1[.]bodis[.]com;ns2[.]bodis[.]com,United States
coronavirusx[.]com,198[.]71[.]232[.]3,,,ns33[.]domaincontrol[.]com;ns34[.]domaincontrol[.]com,United States
coronavirusy[.]com,106[.]54[.]17[.]219,,,f1g1ns1[.]dnspod[.]net;f1g1ns2[.]dnspod[.]net,China
coronavirusz[.]com,185[.]61[.]154[.]213,,smx1[.]web-hosting[.]com;smx2[.]web-hosting[.]com;smx3[.]web-hosting[.]com,dns1[.]namecheaphosting[.]com;dns2[.]namecheaphosting[.]com,United Kingdom
koronavirus[.]com,52[.]58[.]78[.]16,2a05:d014:9da:8c10:306e:3e07:a16f:a552,,ns1[.]dan[.]com;ns2[.]dan[.]com;verification-37d7d89e[.]ns3[.]dan[.]hosting,Germany
covonavirus[.]com,181[.]214[.]86[.]147,,mail[.]h-email[.]net,ns1[.]panamans[.]com;ns2[.]panamans[.]com,United States
corknavirus[.]com,167[.]88[.]164[.]193,,corknavirus[.]com,ns1[.]private-nameserver[.]net;ns2[.]private-nameserver[.]net;ns3[.]private-nameserver[.]net;ns4[.]private-nameserver[.]net,United States
coronevirus[.]com,184[.]168[.]131[.]241,,,pdns01[.]domaincontrol[.]com;pdns02[.]domaincontrol[.]com,United States
coronivirus[.]com,98[.]124[.]199[.]84,,,dns1[.]name-services[.]com;dns2[.]name-services[.]com;dns3[.]name-services[.]com;dns4[.]name-services[.]com;dns5[.]name-services[.]com,United States
coronawirus[.]com,92[.]222[.]139[.]190,2001:41d0:301:3::28,redirect[.]ovh[.]net,dns100[.]ovh[.]net;ns100[.]ovh[.]net,France
coronafirus[.]com,34[.]202[.]122[.]77;35[.]169[.]225[.]248;52[.]0[.]7[.]30,,,ns1[.]dynadot[.]com;ns2[.]dynadot[.]com,United States
coronavarus[.]com,181[.]214[.]86[.]147,,mail[.]h-email[.]net,ns1[.]panamans[.]com;ns2[.]panamans[.]com,United States
coronavyrus[.]com,195[.]110[.]124[.]133,,mail[.]register[.]it,ns1[.]register[.]it;ns2[.]register[.]it,Italy
coronavivus[.]com,185[.]253[.]212[.]22,,blackhole[.]aftermarket[.]pl,ns1[.]aftermarket[.]pl;ns2[.]aftermarket[.]pl,
coronavires[.]com,50[.]63[.]202[.]33,,,ns57[.]domaincontrol[.]com;ns58[.]domaincontrol[.]com,United States
coronaviruw[.]com,184[.]168[.]131[.]241,,,ns57[.]domaincontrol[.]com;ns58[.]domaincontrol[.]com,United States
xn--coronavrus-3ub[.]com,198[.]71[.]232[.]3,,,ns47[.]domaincontrol[.]com;ns48[.]domaincontrol[.]com,United States
c0r0navirus[.]com,91[.]195[.]240[.]126,,mail[.]pickelhost[.]com,ns1[.]sedoparking[.]com;ns2[.]sedoparking[.]com,Germany
coronnavirus[.]com,160[.]153[.]129[.]232,,,ns05[.]domaincontrol[.]com;ns06[.]domaincontrol[.]com,United States
corornavirus[.]com,81[.]17[.]18[.]194,,mail[.]h-email[.]net,ns1[.]panamans[.]com;ns2[.]panamans[.]com,Switzerland
coromavirus[.]com,199[.]59[.]242[.]153,,mx76[.]m2bp[.]com;mx76[.]mb1p[.]com,ns1[.]bodis[.]com;ns2[.]bodis[.]com,United States
xn--coronavrus-q8a[.]com,199[.]59[.]242[.]153,,mx76[.]m2bp[.]com;mx76[.]mb1p[.]com,ns1[.]bodis[.]com;ns2[.]bodis[.]com,United States
coronav1rus[.]com,160[.]153[.]54[.]41,,,ns63[.]domaincontrol[.]com;ns64[.]domaincontrol[.]com,United States
xn--coronavrus-d9a[.]com,199[.]16[.]131[.]167,,,ns-canada[.]topdns[.]com;ns-uk[.]topdns[.]com;ns-usa[.]topdns[.]com,Canada
cor0navirus[.]com,145[.]14[.]145[.]245,2a02:4780:dead:490a::1,,ns01[.]000webhost[.]com;ns02[.]000webhost[.]com,Netherlands
c0ronavirus[.]com,104[.]219[.]248[.]13,,smx1[.]web-hosting[.]com;smx2[.]web-hosting[.]com;smx3[.]web-hosting[.]com,ns1[.]clik[.]media;ns2[.]clik[.]media,United States
xn--coronavirs-ieb[.]com,184[.]168[.]221[.]43,,,ns51[.]domaincontrol[.]com;ns52[.]domaincontrol[.]com,United States
cor-onavirus[.]com,50[.]63[.]202[.]39,,,ns03[.]domaincontrol[.]com;ns04[.]domaincontrol[.]com,United States
corona-virus[.]com,162[.]255[.]119[.]137,,eforward1[.]registrar-servers[.]com;eforward2[.]registrar-servers[.]com;eforward3[.]registrar-servers[.]com;eforward4[.]registrar-servers[.]com;eforward5[.]registrar-servers[.]com,dns1[.]registrar-servers[.]com;dns2[.]registrar-servers[.]com,United States
coronaviruis[.]com,81[.]17[.]18[.]198,,mail[.]h-email[.]net,ns1[.]panamans[.]com;ns2[.]panamans[.]com,Switzerland
coronavirius[.]com,181[.]214[.]86[.]147,,mail[.]h-email[.]net,ns1[.]panamans[.]com;ns2[.]panamans[.]com,United States
coroinavirus[.]com,181[.]214[.]86[.]147,,mail[.]h-email[.]net,ns1[.]panamans[.]com;ns2[.]panamans[.]com,United States
corona2virus[.]com,166[.]62[.]27[.]149,,,ns45[.]domaincontrol[.]com;ns46[.]domaincontrol[.]com,United States
coronasvirus[.]com,216[.]239[.]32[.]21;216[.]239[.]34[.]21;216[.]239[.]36[.]21;216[.]239[.]38[.]21,,,ns11[.]domaincontrol[.]com;ns12[.]domaincontrol[.]com,United States
coronavirtus[.]com,195[.]110[.]124[.]133,,mail[.]register[.]it,ns1[.]register[.]it;ns2[.]register[.]it,Italy
coronaviurus[.]com,184[.]168[.]221[.]47,,,ns59[.]domaincontrol[.]com;ns60[.]domaincontrol[.]com,United States
coronaviru[.]com,184[.]168[.]131[.]241,,,ns13[.]domaincontrol[.]com;ns14[.]domaincontrol[.]com,United States
coronairus[.]com,199[.]59[.]242[.]153,,mx76[.]m2bp[.]com;mx76[.]mb1p[.]com,ns1[.]bodis[.]com;ns2[.]bodis[.]com,United States
coronvirus[.]com,23[.]227[.]38[.]65,,mx[.]coronvirus[.]com[.]cust[.]b[.]hostedemail[.]com,ns-cloud-a1[.]googledomains[.]com;ns-cloud-a2[.]googledomains[.]com;ns-cloud-a3[.]googledomains[.]com;ns-cloud-a4[.]googledomains[.]com,Canada
coronavirs[.]com,,,,ns-cloud-b1[.]googledomains[.]com;ns-cloud-b2[.]googledomains[.]com;ns-cloud-b3[.]googledomains[.]com;ns-cloud-b4[.]googledomains[.]com,
cronavirus[.]com,185[.]7[.]252[.]99,,mh16[.]elkdata[.]ee;mh18[.]elkdata[.]ee,ns[.]elkdata[.]ee;ns2[.]elkdata[.]ee;ns3[.]elkdata[.]net,Estonia
coronavius[.]com,23[.]227[.]38[.]65,,mx[.]coronavius[.]com[.]cust[.]b[.]hostedemail[.]com,ns-cloud-e1[.]googledomains[.]com;ns-cloud-e2[.]googledomains[.]com;ns-cloud-e3[.]googledomains[.]com;ns-cloud-e4[.]googledomains[.]com,Canada
oronavirus[.]com,199[.]59[.]242[.]153,,mx76[.]m2bp[.]com;mx76[.]mb1p[.]com,ns1[.]bodis[.]com;ns2[.]bodis[.]com,United States
coroavirus[.]com,199[.]59[.]242[.]153,,mx76[.]m2bp[.]com;mx76[.]mb1p[.]com,ns1[.]bodis[.]com;ns2[.]bodis[.]com,United States
coronavrus[.]com,67[.]205[.]15[.]89,,,ns1[.]dreamhost[.]com;ns2[.]dreamhost[.]com;ns3[.]dreamhost[.]com,United States
coonavirus[.]com,75[.]126[.]104[.]253,,,ns1[.]name[.]com;ns2[.]name[.]com;ns3[.]name[.]com;ns4[.]name[.]com,United States
cornavirus[.]com,199[.]59[.]242[.]153,,mx76[.]m2bp[.]com;mx76[.]mb1p[.]com,ns1[.]bodis[.]com;ns2[.]bodis[.]com,United States
coronavvirus[.]com,199[.]59[.]242[.]153,,mx76[.]m2bp[.]com;mx76[.]mb1p[.]com,ns1[.]bodis[.]com;ns2[.]bodis[.]com,United States
coronaavirus[.]com,66[.]206[.]11[.]130,,coronaavirus[.]com,ns7[.]vhostplatform[.]com;ns8[.]vhostplatform[.]com,United States
coronavirrus[.]com,192[.]185[.]20[.]115,,mail[.]coronavirrus[.]com,ns8049[.]hostgator[.]com;ns8050[.]hostgator[.]com,United States
corronavirus[.]com,192[.]64[.]119[.]166,,eforward1[.]registrar-servers[.]com;eforward2[.]registrar-servers[.]com;eforward3[.]registrar-servers[.]com;eforward4[.]registrar-servers[.]com;eforward5[.]registrar-servers[.]com,dns1[.]registrar-servers[.]com;dns2[.]registrar-servers[.]com,United States
coronaviruus[.]com,162[.]241[.]85[.]73,,mail[.]coronaviruus[.]com,sns5[.]hostgator[.]in;sns6[.]hostgator[.]in,United States
coronaviirus[.]com,50[.]63[.]202[.]61,,,pdns03[.]domaincontrol[.]com;pdns04[.]domaincontrol[.]com,United States
coroonavirus[.]com,199[.]59[.]242[.]153,,mx76[.]m2bp[.]com;mx76[.]mb1p[.]com,ns1[.]bodis[.]com;ns2[.]bodis[.]com,United States
cooronavirus[.]com,75[.]126[.]101[.]236,,,ns1[.]name[.]com;ns2[.]name[.]com;ns3[.]name[.]com;ns4[.]name[.]com,United States
ccoronavirus[.]com,35[.]186[.]212[.]101,,,ns31[.]domaincontrol[.]com;ns32[.]domaincontrol[.]com,United States
coronagirus[.]com,199[.]59[.]242[.]153,,mx76[.]m2bp[.]com;mx76[.]mb1p[.]com,ns1[.]bodis[.]com;ns2[.]bodis[.]com,United States
voronavirus[.]com,199[.]59[.]242[.]153,,mx76[.]m2bp[.]com;mx76[.]mb1p[.]com,ns1[.]bodis[.]com;ns2[.]bodis[.]com,United States
coronavurus[.]com,199[.]59[.]242[.]153,,mx76[.]m2bp[.]com;mx76[.]mb1p[.]com,ns1[.]bodis[.]com;ns2[.]bodis[.]com,United States
coronabirus[.]com,50[.]63[.]202[.]55,,,pdns03[.]domaincontrol[.]com;pdns04[.]domaincontrol[.]com,United States
cotonavirus[.]com,181[.]214[.]86[.]147,,mail[.]h-email[.]net,ns1[.]panamans[.]com;ns2[.]panamans[.]com,United States
coronavitus[.]com,199[.]59[.]242[.]153,,mx76[.]m2bp[.]com;mx76[.]mb1p[.]com,ns1[.]bodis[.]com;ns2[.]bodis[.]com,United States
corinavirus[.]com,188[.]93[.]150[.]108,2a00:4e40:1:1::2:20a,,ns1[.]metaregistrar[.]nl;ns2[.]metaregistrar[.]nl,Netherlands
coronaviris[.]com,181[.]214[.]86[.]147,,,ns1[.]panamans[.]com;ns2[.]panamans[.]com,United States
coronavirud[.]com,13[.]226[.]15[.]100;13[.]226[.]15[.]12;13[.]226[.]15[.]23;13[.]226[.]15[.]3,,,ns-1049[.]awsdns-03[.]org;ns-1810[.]awsdns-34[.]co[.]uk;ns-24[.]awsdns-03[.]com;ns-782[.]awsdns-33[.]net,United States
cironavirus[.]com,81[.]17[.]18[.]194,,mail[.]h-email[.]net,ns1[.]panamans[.]com;ns2[.]panamans[.]com,Switzerland
coronacirus[.]com,199[.]59[.]242[.]153,,mx76[.]m2bp[.]com;mx76[.]mb1p[.]com,ns1[.]bodis[.]com;ns2[.]bodis[.]com,United States
doronavirus[.]com,199[.]59[.]242[.]153,,mx76[.]m2bp[.]com;mx76[.]mb1p[.]com,ns1[.]bodis[.]com;ns2[.]bodis[.]com,United States
corpnavirus[.]com,199[.]59[.]242[.]153,,mx76[.]m2bp[.]com;mx76[.]mb1p[.]com,ns1[.]bodis[.]com;ns2[.]bodis[.]com,United States
coronavirys[.]com,,,,ns-cloud-b1[.]googledomains[.]com;ns-cloud-b2[.]googledomains[.]com;ns-cloud-b3[.]googledomains[.]com;ns-cloud-b4[.]googledomains[.]com,
corobavirus[.]com,35[.]186[.]238[.]101,,0;10,ns01[.]cashparking[.]com;ns02[.]cashparking[.]com,United States
coronavirue[.]com,181[.]214[.]86[.]147,,mail[.]h-email[.]net,ns1[.]panamans[.]com;ns2[.]panamans[.]com,United States
coronavirua[.]com,181[.]214[.]86[.]147,,mail[.]h-email[.]net,ns1[.]panamans[.]com;ns2[.]panamans[.]com,United States
coronavieus[.]com,81[.]17[.]18[.]197,,mail[.]h-email[.]net,ns1[.]panamans[.]com;ns2[.]panamans[.]com,Switzerland
coronaviruz[.]com,35[.]202[.]100[.]12,,,a[.]zeit-world[.]net;b[.]zeit-world[.]co[.]uk;e[.]zeit-world[.]org;f[.]zeit-world[.]com,United States
coronzvirus[.]com,181[.]214[.]86[.]147,,mail[.]h-email[.]net,ns1[.]panamans[.]com;ns2[.]panamans[.]com,United States
coronavorus[.]com,192[.]64[.]147[.]249,,,ns3[.]epik[.]com;ns4[.]epik[.]com,United States
coronavirux[.]com,88[.]214[.]207[.]96,,,ns3[.]epik[.]com;ns4[.]epik[.]com,United Kingdom
c[.]oronavirus[.]com,199[.]59[.]242[.]153,,,,United States
coron[.]avirus[.]com,69[.]172[.]201[.]153,,mx247[.]in-mx[.]com;mx247[.]in-mx[.]net,ns1[.]uniregistrymarket[.]link;ns2[.]uniregistrymarket[.]link,United States
corona[.]virus[.]com,35[.]206[.]123[.]159,,,,United States
coronav[.]irus[.]com,54[.]85[.]200[.]131,,,,United States
coronavir[.]us[.]com,78[.]142[.]29[.]210;79[.]124[.]78[.]120,,,,Bulgaria
ocronavirus[.]com,75[.]126[.]101[.]235,,,ns1cvw[.]name[.]com;ns2knz[.]name[.]com;ns3flt[.]name[.]com;ns4fmx[.]name[.]com,United States
croonavirus[.]com,199[.]59[.]242[.]153,,mx76[.]m2bp[.]com;mx76[.]mb1p[.]com,ns1[.]bodis[.]com;ns2[.]bodis[.]com,United States
coornavirus[.]com,77[.]111[.]240[.]191,,mx1[.]pub[.]mailpod9-cph3[.]one[.]com;mx2[.]pub[.]mailpod9-cph3[.]one[.]com;mx3[.]pub[.]mailpod9-cph3[.]one[.]com,ns01[.]one[.]com;ns02[.]one[.]com,France
cornoavirus[.]com,81[.]17[.]18[.]195,,mail[.]h-email[.]net,ns1[.]panamans[.]com;ns2[.]panamans[.]com,Switzerland
coroanvirus[.]com,50[.]63[.]202[.]40,,,ns59[.]domaincontrol[.]com;ns60[.]domaincontrol[.]com,United States
coronvairus[.]com,81[.]17[.]18[.]196,,mail[.]h-email[.]net,ns1[.]panamans[.]com;ns2[.]panamans[.]com,Switzerland
coronaivrus[.]com,77[.]111[.]240[.]191,,mx1[.]pub[.]mailpod9-cph3[.]one[.]com;mx2[.]pub[.]mailpod9-cph3[.]one[.]com;mx3[.]pub[.]mailpod9-cph3[.]one[.]com,ns01[.]one[.]com;ns02[.]one[.]com,France
coronavrius[.]com,199[.]59[.]242[.]153,,mx76[.]m2bp[.]com;mx76[.]mb1p[.]com,ns1[.]bodis[.]com;ns2[.]bodis[.]com,United States
coronaviurs[.]com,199[.]59[.]242[.]153,,mx76[.]m2bp[.]com;mx76[.]mb1p[.]com,ns1[.]bodis[.]com;ns2[.]bodis[.]com,United States
coronavirsu[.]com,185[.]53[.]179[.]22,,mail[.]h-email[.]net,ns1[.]parkingcrew[.]net;ns2[.]parkingcrew[.]net,Germany
coronuvirus[.]com,81[.]17[.]18[.]197,,mail[.]h-email[.]net,ns1[.]panamans[.]com;ns2[.]panamans[.]com,Switzerland
coronaverus[.]com,50[.]63[.]202[.]61,,,ns63[.]domaincontrol[.]com;ns64[.]domaincontrol[.]com,United States
coronaviras[.]com,35[.]186[.]238[.]101,,0;10,ns01[.]cashparking[.]com;ns02[.]cashparking[.]com,United States
ceronavirus[.]com,192[.]185[.]20[.]115,,mail[.]ceronavirus[.]com,ns8049[.]hostgator[.]com;ns8050[.]hostgator[.]com,United States
coronaviros[.]com,184[.]168[.]131[.]241,,,ns13[.]domaincontrol[.]com;ns14[.]domaincontrol[.]com,United States
caronavirus[.]com,184[.]168[.]221[.]41,,,ns77[.]domaincontrol[.]com;ns78[.]domaincontrol[.]com,United States
corunavirus[.]com,77[.]111[.]240[.]146,2a02:2350:5:102:6480:0:6922:1f7f,mx1[.]pub[.]mailpod9-cph3[.]one[.]com;mx2[.]pub[.]mailpod9-cph3[.]one[.]com;mx3[.]pub[.]mailpod9-cph3[.]one[.]com,ns01[.]one[.]com;ns02[.]one[.]com,France
coronovirus[.]com,2[.]59[.]118[.]113,,coronovirus[.]com,ns10[.]datanes[.]com;ns11[.]datanes[.]com,
curonavirus[.]com,50[.]63[.]202[.]82,,,ns47[.]domaincontrol[.]com;ns48[.]domaincontrol[.]com,United States
coranavirus[.]com,91[.]216[.]107[.]227,,mail[.]coranavirus[.]com,ns5[.]lwsdns[.]com;ns6[.]lwsdns[.]com;ns7[.]lwsdns[.]com;ns8[.]lwsdns[.]com,France
coronaviruscom[.]com,50[.]63[.]202[.]43,,,ns63[.]domaincontrol[.]com;ns64[.]domaincontrol[.]com,United States
corona[.]com,45[.]60[.]102[.]68;45[.]60[.]12[.]68,,eu-smtp-inbound-1[.]mimecast[.]com;eu-smtp-inbound-2[.]mimecast[.]com,dns1[.]cscdns[.]net;dns2[.]cscdns[.]net,United States
coronaa[.]com,45[.]79[.]0[.]118,2600:3c00::f03c:91ff:fee5:8db6,aspmx1[.]migadu[.]com;aspmx2[.]migadu[.]com,ns1[.]linode[.]com;ns2[.]linode[.]com;ns3[.]linode[.]com;ns4[.]linode[.]com;ns5[.]linode[.]com,United States
coronab[.]com,75[.]126[.]101[.]235,,,ns1[.]name[.]com;ns2[.]name[.]com;ns3[.]name[.]com;ns4[.]name[.]com,United States
coronac[.]com,,,,ns01[.]freenom[.]com;ns02[.]freenom[.]com;ns03[.]freenom[.]com;ns04[.]freenom[.]com,
coronad[.]com,23[.]20[.]239[.]12,,,nsg1[.]namebrightdns[.]com;nsg2[.]namebrightdns[.]com,United States
coronae[.]com,69[.]172[.]201[.]153,,mx247[.]in-mx[.]com;mx247[.]in-mx[.]net,ns1[.]uniregistrymarket[.]link;ns2[.]uniregistrymarket[.]link,United States
coronaf[.]com,75[.]126[.]104[.]230,,,ns1[.]name[.]com;ns2[.]name[.]com;ns3[.]name[.]com;ns4[.]name[.]com,United States
coronag[.]com,75[.]126[.]104[.]253,,,ns1[.]name[.]com;ns2[.]name[.]com;ns3[.]name[.]com;ns4[.]name[.]com,United States
coronah[.]com,44[.]227[.]65[.]245,,fwd1[.]porkbun[.]com;fwd2[.]porkbun[.]com,curitiba[.]porkbun[.]com;fortaleza[.]porkbun[.]com;maceio[.]porkbun[.]com;salvador[.]porkbun[.]com,United States
coronai[.]com,23[.]20[.]239[.]12,,,nsg1[.]namebrightdns[.]com;nsg2[.]namebrightdns[.]com,United States
coronaj[.]com,104[.]31[.]68[.]172;104[.]31[.]69[.]172,2606:4700:3032::681f:45ac;2606:4700:3034::681f:44ac,,augustus[.]ns[.]cloudflare[.]com;laura[.]ns[.]cloudflare[.]com,United States
coronak[.]com,75[.]126[.]104[.]238,,,ns1[.]name[.]com;ns2[.]name[.]com;ns3[.]name[.]com;ns4[.]name[.]com,United States
coronal[.]com,198[.]58[.]118[.]167;45[.]33[.]2[.]79;45[.]33[.]23[.]183;45[.]56[.]79[.]23;45[.]79[.]19[.]196;96[.]126[.]123[.]244,,,ns1[.]mytrafficmanagement[.]com;ns2[.]mytrafficmanagement[.]com,United States
coronam[.]com,,,alt1[.]aspmx[.]l[.]google[.]com;alt2[.]aspmx[.]l[.]google[.]com;aspmx[.]l[.]google[.]com;aspmx2[.]googlemail[.]com;aspmx3[.]googlemail[.]com;aspmx4[.]googlemail[.]com;aspmx5[.]googlemail[.]com,dns[.]technorail[.]com;dns2[.]technorail[.]com;dns3[.]arubadns[.]net;dns4[.]arubadns[.]cz,
coronan[.]com,13[.]56[.]33[.]8,,,ns1[.]brandbucket[.]com;ns2[.]brandbucket[.]com,United States
coronao[.]com,203[.]162[.]130[.]82,,,ns15[.]domaincontrol[.]com;ns16[.]domaincontrol[.]com,Vietnam
coronap[.]com,185[.]10[.]75[.]3,,mail[.]coronap[.]com,irlinux23[.]iranhost[.]com;irlinux24[.]iranhost[.]com,Iran
coronaq[.]com,184[.]168[.]131[.]241,,,ns77[.]domaincontrol[.]com;ns78[.]domaincontrol[.]com,United States
coronar[.]com,157[.]230[.]161[.]221,,,ns1[.]fabulous[.]com;ns2[.]fabulous[.]com,United States
coronas[.]com,69[.]172[.]201[.]153,,mx247[.]in-mx[.]com;mx247[.]in-mx[.]net,ns1[.]uniregistrymarket[.]link;ns2[.]uniregistrymarket[.]link,United States
coronat[.]com,23[.]20[.]239[.]12,,,nsg1[.]namebrightdns[.]com;nsg2[.]namebrightdns[.]com,United States
coronau[.]com,65[.]75[.]136[.]222,,coronau[.]com,ns1[.]asoshared[.]com;ns2[.]asoshared[.]com,United States
coronav[.]com,47[.]92[.]171[.]226,,mxn[.]mxhichina[.]com;mxw[.]mxhichina[.]com,dns17[.]hichina[.]com;dns18[.]hichina[.]com,China
coronaw[.]com,75[.]126[.]101[.]236,,,ns1[.]name[.]com;ns2[.]name[.]com;ns3[.]name[.]com;ns4[.]name[.]com,United States
coronax[.]com,209[.]99[.]64[.]44,,,,United States
coronay[.]com,75[.]126[.]104[.]237,,,ns1[.]name[.]com;ns2[.]name[.]com;ns3[.]name[.]com;ns4[.]name[.]com,United States
coronaz[.]com,181[.]214[.]86[.]147,,,ns1[.]panamans[.]com;ns2[.]panamans[.]com,United States
borona[.]com,185[.]53[.]178[.]9,,mail[.]h-email[.]net,ns1[.]parkingcrew[.]net;ns2[.]parkingcrew[.]net,Germany
gorona[.]com,184[.]168[.]131[.]241,,,ns19[.]domaincontrol[.]com;ns20[.]domaincontrol[.]com,United States
korona[.]com,184[.]168[.]131[.]241,,,ns03[.]domaincontrol[.]com;ns04[.]domaincontrol[.]com,United States
sorona[.]com,77[.]66[.]121[.]200,,,pdns216[.]ultradns[.]biz;pdns216[.]ultradns[.]com;pdns216[.]ultradns[.]net;pdns216[.]ultradns[.]org,Denmark
ckrona[.]com,192[.]64[.]119[.]182,,eforward1[.]registrar-servers[.]com;eforward2[.]registrar-servers[.]com;eforward3[.]registrar-servers[.]com;eforward4[.]registrar-servers[.]com;eforward5[.]registrar-servers[.]com,dns1[.]registrar-servers[.]com;dns2[.]registrar-servers[.]com,United States
cosona[.]com,52[.]60[.]233[.]3;52[.]60[.]42[.]215,,mx1[.]ewebdevelopment[.]com;mx2[.]ewebdevelopment[.]com,ns1[.]power-dns[.]com;ns2[.]power-dns[.]com;ns3[.]power-dns[.]com,United States
copona[.]com,217[.]160[.]223[.]42,,mx00[.]kundenserver[.]de;mx01[.]kundenserver[.]de,ns1084[.]ui-dns[.]biz;ns1084[.]ui-dns[.]com;ns1084[.]ui-dns[.]de;ns1084[.]ui-dns[.]org,Germany
covona[.]com,69[.]172[.]201[.]153,,mx247[.]in-mx[.]com;mx247[.]in-mx[.]net,ns1[.]uniregistrymarket[.]link;ns2[.]uniregistrymarket[.]link,United States
cozona[.]com,13[.]56[.]33[.]8,,,ns1[.]brandbucket[.]com;ns2[.]brandbucket[.]com,United States
cobona[.]com,69[.]172[.]201[.]153,,mx247[.]in-mx[.]com;mx247[.]in-mx[.]net,ns1[.]uniregistrymarket[.]link;ns2[.]uniregistrymarket[.]link,United States
corkna[.]com,192[.]64[.]119[.]53,,eforward1[.]registrar-servers[.]com;eforward2[.]registrar-servers[.]com;eforward3[.]registrar-servers[.]com;eforward4[.]registrar-servers[.]com;eforward5[.]registrar-servers[.]com,dns1[.]registrar-servers[.]com;dns2[.]registrar-servers[.]com,United States
corgna[.]com,35[.]214[.]194[.]166,,mx10[.]mailspamprotection[.]com;mx20[.]mailspamprotection[.]com;mx30[.]mailspamprotection[.]com,ns1[.]c57505[.]sgvps[.]net;ns2[.]c57505[.]sgvps[.]net,United States
corola[.]com,91[.]195[.]240[.]126,,mail[.]pickelhost[.]com,ns1[.]sedoparking[.]com;ns2[.]sedoparking[.]com,Germany
coroja[.]com,162[.]255[.]119[.]163,,eforward1[.]registrar-servers[.]com;eforward2[.]registrar-servers[.]com;eforward3[.]registrar-servers[.]com;eforward4[.]registrar-servers[.]com;eforward5[.]registrar-servers[.]com,dns1[.]registrar-servers[.]com;dns2[.]registrar-servers[.]com,United States
corofa[.]com,52[.]0[.]217[.]44,,,ns1[.]dynadot[.]com;ns2[.]dynadot[.]com,United States
coroni[.]com,23[.]102[.]59[.]107,,alt1[.]aspmx[.]l[.]google[.]com;alt2[.]aspmx[.]l[.]google[.]com;aspmx[.]l[.]google[.]com;aspmx2[.]googlemail[.]com;aspmx3[.]googlemail[.]com;aspmx4[.]googlemail[.]com;aspmx5[.]googlemail[.]com,ns[.]123-reg[.]co[.]uk;ns2[.]123-reg[.]co[.]uk,Ireland
coronq[.]com,192[.]64[.]119[.]204,,eforward1[.]registrar-servers[.]com;eforward2[.]registrar-servers[.]com;eforward3[.]registrar-servers[.]com;eforward4[.]registrar-servers[.]com;eforward5[.]registrar-servers[.]com,dns1[.]registrar-servers[.]com;dns2[.]registrar-servers[.]com,United States
c0r0na[.]com,44[.]227[.]65[.]245,,fwd1[.]porkbun[.]com;fwd2[.]porkbun[.]com,curitiba[.]porkbun[.]com;fortaleza[.]porkbun[.]com;maceio[.]porkbun[.]com;salvador[.]porkbun[.]com,United States
coroma[.]com,89[.]200[.]169[.]69,,mail[.]coroma[.]com,ns1[.]i999[.]de;ns2[.]i999[.]de,Germany
cor0na[.]com,192[.]64[.]119[.]26,,eforward1[.]registrar-servers[.]com;eforward2[.]registrar-servers[.]com;eforward3[.]registrar-servers[.]com;eforward4[.]registrar-servers[.]com;eforward5[.]registrar-servers[.]com,dns1[.]registrar-servers[.]com;dns2[.]registrar-servers[.]com,United States
c0rona[.]com,94[.]23[.]162[.]163,,,ns1[.]emailverification[.]info;ns2[.]emailverification[.]info,Germany
co-rona[.]com,157[.]7[.]107[.]64,,mx01[.]lolipop[.]jp,uns01[.]lolipop[.]jp;uns02[.]lolipop[.]jp,Japan
cor-ona[.]com,91[.]195[.]240[.]126,,mail[.]pickelhost[.]com,ns1[.]sedoparking[.]com;ns2[.]sedoparking[.]com,Germany
coro-na[.]com,,,eforward1[.]registrar-servers[.]com;eforward2[.]registrar-servers[.]com;eforward3[.]registrar-servers[.]com;eforward4[.]registrar-servers[.]com;eforward5[.]registrar-servers[.]com,dns1[.]registrar-servers[.]com;dns2[.]registrar-servers[.]com,
colrona[.]com,202[.]79[.]164[.]162;202[.]79[.]164[.]163;202[.]79[.]164[.]62,,,ns6[.]dnsdun[.]com;ns6[.]dnsdun[.]net,Australia
cotrona[.]com,23[.]20[.]239[.]12,,,nsg1[.]namebrightdns[.]com;nsg2[.]namebrightdns[.]com,United States
cortona[.]com,178[.]22[.]65[.]245,,mail[.]cortona[.]com,ns5[.]ammonet-international[.]net;ns6[.]ammonet-international[.]net,Switzerland
coronja[.]com,194[.]9[.]94[.]85;194[.]9[.]94[.]86,,,ns1[.]loopia[.]se;ns2[.]loopia[.]se,Sweden
coprona[.]com,182[.]48[.]49[.]23,,coprona[.]com,ns1[.]dns[.]ne[.]jp;ns2[.]dns[.]ne[.]jp,Japan
coronba[.]com,49[.]212[.]235[.]221,,coronba[.]com,ns1[.]dns[.]ne[.]jp;ns2[.]dns[.]ne[.]jp,Japan
cordona[.]com,69[.]172[.]201[.]153,,mx247[.]in-mx[.]com;mx247[.]in-mx[.]net,ns1[.]uniregistrymarket[.]link;ns2[.]uniregistrymarket[.]link,United States
corpona[.]com,184[.]168[.]221[.]40,,mailstore1[.]secureserver[.]net;smtp[.]secureserver[.]net,ns21[.]domaincontrol[.]com;ns22[.]domaincontrol[.]com,United States
coron[.]com,50[.]63[.]202[.]38,,jet[.]comparinc[.]com,ns13[.]domaincontrol[.]com;ns14[.]domaincontrol[.]com,United States
coroa[.]com,35[.]186[.]238[.]101,,0;10,ns01[.]cashparking[.]com;ns02[.]cashparking[.]com,United States
orona[.]com,64[.]99[.]80[.]121,,mx[.]netidentity[.]com[.]cust[.]hostedemail[.]com;mx[.]netidentity[.]com[.]cust[.]hostedemail[.]com,ns1[.]mailbank[.]com;ns1[.]mdnsservice[.]com;ns2[.]mailbank[.]com;ns2[.]mdnsservice[.]com;ns3[.]mdnsservice[.]com,Canada
corna[.]com,108[.]61[.]119[.]8,,in-mig04[.]hes[.]trendmicro[.]com,ns1[.]p03[.]dynect[.]net;ns2[.]p03[.]dynect[.]net;ns3[.]p03[.]dynect[.]net;ns4[.]p03[.]dynect[.]net,United States
coona[.]com,91[.]195[.]240[.]126,,mail[.]pickelhost[.]com,ns1[.]sedoparking[.]com;ns2[.]sedoparking[.]com,Germany
crona[.]com,185[.]53[.]178[.]8,,mail[.]h-email[.]net,ns1[.]parkingcrew[.]net;ns2[.]parkingcrew[.]net,Germany
corrona[.]com,216[.]21[.]224[.]199,,,dns101[.]register[.]com;dns102[.]register[.]com,United States
coorona[.]com,45[.]67[.]70[.]51,,mx1[.]securemail[.]name;mx2[.]securemail[.]name,ns1-tec[.]de;ns2-tec[.]de,
coroona[.]com,185[.]98[.]131[.]206,,mail[.]coroona[.]com,ns5[.]lwsdns[.]com;ns6[.]lwsdns[.]com;ns7[.]lwsdns[.]com;ns8[.]lwsdns[.]com,France
ccorona[.]com,23[.]20[.]239[.]12,,,nsg1[.]namebrightdns[.]com;nsg2[.]namebrightdns[.]com,United States
cprona[.]com,77[.]104[.]150[.]223,,mx10[.]mailspamprotection[.]com;mx20[.]mailspamprotection[.]com;mx30[.]mailspamprotection[.]com,ns1[.]sm13[.]siteground[.]biz;ns2[.]sm13[.]siteground[.]biz,United States
cor9na[.]com,162[.]255[.]119[.]31,,eforward1[.]registrar-servers[.]com;eforward2[.]registrar-servers[.]com;eforward3[.]registrar-servers[.]com;eforward4[.]registrar-servers[.]com;eforward5[.]registrar-servers[.]com,dns1[.]registrar-servers[.]com;dns2[.]registrar-servers[.]com,United States
cotona[.]com,41[.]74[.]28[.]166,,mx[.]socota[.]com;mx3[.]tambazotra[.]net;smtp[.]cotona[.]com,ns1[.]fr[.]malagasy[.]com;ns1[.]mg[.]tambazotra[.]net;ns2[.]mg[.]tambazotra[.]net,Madagascar
clrona[.]com,162[.]255[.]119[.]12,,eforward1[.]registrar-servers[.]com;eforward2[.]registrar-servers[.]com;eforward3[.]registrar-servers[.]com;eforward4[.]registrar-servers[.]com;eforward5[.]registrar-servers[.]com,dns1[.]registrar-servers[.]com;dns2[.]registrar-servers[.]com,United States
c9rona[.]com,192[.]64[.]119[.]176,,eforward1[.]registrar-servers[.]com;eforward2[.]registrar-servers[.]com;eforward3[.]registrar-servers[.]com;eforward4[.]registrar-servers[.]com;eforward5[.]registrar-servers[.]com,dns1[.]registrar-servers[.]com;dns2[.]registrar-servers[.]com,United States
cirona[.]com,199[.]59[.]242[.]153,,mx76[.]m2bp[.]com;mx76[.]mb1p[.]com,ns1[.]bodis[.]com;ns2[.]bodis[.]com,United States
co5ona[.]com,192[.]64[.]119[.]18,,eforward1[.]registrar-servers[.]com;eforward2[.]registrar-servers[.]com;eforward3[.]registrar-servers[.]com;eforward4[.]registrar-servers[.]com;eforward5[.]registrar-servers[.]com,dns1[.]registrar-servers[.]com;dns2[.]registrar-servers[.]com,United States
dorona[.]com,34[.]206[.]12[.]234;35[.]169[.]58[.]188;54[.]208[.]77[.]124,,,ns3[.]afternic[.]com;ns4[.]afternic[.]com,United States
codona[.]com,157[.]7[.]107[.]120,,mx01[.]lolipop[.]jp,uns01[.]lolipop[.]jp;uns02[.]lolipop[.]jp,Japan
corpna[.]com,184[.]168[.]221[.]35,,,ns39[.]domaincontrol[.]com;ns40[.]domaincontrol[.]com,United States
xorona[.]com,93[.]115[.]28[.]104,,,ns1[.]rentondc[.]com;ns2[.]rentondc[.]com,Lithuania
co4ona[.]com,162[.]255[.]119[.]82,,eforward1[.]registrar-servers[.]com;eforward2[.]registrar-servers[.]com;eforward3[.]registrar-servers[.]com;eforward4[.]registrar-servers[.]com;eforward5[.]registrar-servers[.]com,dns1[.]registrar-servers[.]com;dns2[.]registrar-servers[.]com,United States
coronw[.]com,192[.]64[.]119[.]11,,eforward1[.]registrar-servers[.]com;eforward2[.]registrar-servers[.]com;eforward3[.]registrar-servers[.]com;eforward4[.]registrar-servers[.]com;eforward5[.]registrar-servers[.]com,dns1[.]registrar-servers[.]com;dns2[.]registrar-servers[.]com,United States
coroba[.]com,13[.]56[.]33[.]8,,,ns1[.]brandbucket[.]com;ns2[.]brandbucket[.]com,United States
coroha[.]com,104[.]27[.]158[.]149;104[.]27[.]159[.]149,2606:4700:3030::681b:9e95;2606:4700:3032::681b:9f95,,rick[.]ns[.]cloudflare[.]com;zita[.]ns[.]cloudflare[.]com,United States
forona[.]com,69[.]172[.]201[.]153,,mx247[.]in-mx[.]com;mx247[.]in-mx[.]net,ns1[.]uniregistrymarket[.]link;ns2[.]uniregistrymarket[.]link,United States
vorona[.]com,162[.]241[.]156[.]76,,vorona[.]com,ns1[.]boosthoster[.]com;ns2[.]boosthoster[.]com,United States
coronz[.]com,162[.]255[.]119[.]68,,eforward1[.]registrar-servers[.]com;eforward2[.]registrar-servers[.]com;eforward3[.]registrar-servers[.]com;eforward4[.]registrar-servers[.]com;eforward5[.]registrar-servers[.]com,dns1[.]registrar-servers[.]com;dns2[.]registrar-servers[.]com,United States
corony[.]com,54[.]85[.]147[.]51,,,ns1[.]fcny[.]org;ns2[.]fcny[.]org,United States
coeona[.]com,192[.]64[.]119[.]120,,eforward1[.]registrar-servers[.]com;eforward2[.]registrar-servers[.]com;eforward3[.]registrar-servers[.]com;eforward4[.]registrar-servers[.]com;eforward5[.]registrar-servers[.]com,dns1[.]registrar-servers[.]com;dns2[.]registrar-servers[.]com,United States
corina[.]com,217[.]160[.]0[.]104,2001:8d8:100f:f000::2f1,mx00[.]kundenserver[.]de;mx01[.]kundenserver[.]de,ns1046[.]ui-dns[.]biz;ns1046[.]ui-dns[.]com;ns1046[.]ui-dns[.]de;ns1046[.]ui-dns[.]org,Germany
corlna[.]com,192[.]64[.]119[.]176,,eforward1[.]registrar-servers[.]com;eforward2[.]registrar-servers[.]com;eforward3[.]registrar-servers[.]com;eforward4[.]registrar-servers[.]com;eforward5[.]registrar-servers[.]com,dns1[.]registrar-servers[.]com;dns2[.]registrar-servers[.]com,United States
c[.]orona[.]com,64[.]99[.]80[.]121,,,,Canada
co[.]rona[.]com,205[.]178[.]189[.]129,,,,United States
ocrona[.]com,194[.]150[.]248[.]156,,mx01[.]tophost[.]ch;mx02[.]tophost[.]ch,ns5[.]tophost[.]ch;ns6[.]tophost[.]ch,Switzerland
croona[.]com,91[.]106[.]198[.]201,,mail10[.]surftown[.]se,ns1[.]surf-town[.]net;ns2[.]surf-town[.]net;ns3[.]surf-town[.]net,Sweden
coorna[.]com,162[.]255[.]119[.]115,,eforward1[.]registrar-servers[.]com;eforward2[.]registrar-servers[.]com;eforward3[.]registrar-servers[.]com;eforward4[.]registrar-servers[.]com;eforward5[.]registrar-servers[.]com,dns1[.]registrar-servers[.]com;dns2[.]registrar-servers[.]com,United States
cornoa[.]com,91[.]195[.]240[.]126,,mail[.]pickelhost[.]com,ns1[.]sedoparking[.]com;ns2[.]sedoparking[.]com,Germany
coroan[.]com,45[.]61[.]244[.]244,,mxbiz1[.]qq[.]com;mxbiz2[.]qq[.]com,dns31[.]hichina[.]com;dns32[.]hichina[.]com,United States
corana[.]com,217[.]160[.]231[.]92,,mx00[.]schlund[.]de;mx01[.]schlund[.]de,ns1053[.]ui-dns[.]biz;ns1053[.]ui-dns[.]com;ns1053[.]ui-dns[.]de;ns1053[.]ui-dns[.]org,Germany
corono[.]com,69[.]172[.]201[.]153,,mx247[.]in-mx[.]com;mx247[.]in-mx[.]net,ns1[.]uniregistrymarket[.]link;ns2[.]uniregistrymarket[.]link,United States
corena[.]com,185[.]10[.]10[.]80,2001:67c:3c0:12::53,flatironssolutions-com[.]mail[.]protection[.]outlook[.]com;ms78242874[.]msv1[.]invalid,ns1[.]gratisdns[.]dk;ns2[.]gratisdns[.]dk;ns3[.]gratisdns[.]dk;ns4[.]gratisdns[.]dk;ns5[.]gratisdns[.]dk,Denmark
curona[.]com,217[.]160[.]223[.]115,,mx00[.]kundenserver[.]de;mx01[.]kundenserver[.]de,ns1044[.]ui-dns[.]de;ns1065[.]ui-dns[.]biz;ns1109[.]ui-dns[.]org;ns1123[.]ui-dns[.]com,Germany
carona[.]com,199[.]59[.]242[.]153,,mx76[.]m2bp[.]com;mx76[.]mb1p[.]com,ns1[.]bodis[.]com;ns2[.]bodis[.]com,United States
coruna[.]com,74[.]117[.]219[.]198;74[.]117[.]219[.]199,,,ns0[.]directnic[.]com;ns1[.]directnic[.]com,Cayman Islands
coronu[.]com,31[.]3[.]65[.]15,,,,United Kingdom
cerona[.]com,69[.]172[.]201[.]153,,mx247[.]in-mx[.]com;mx247[.]in-mx[.]net,ns1[.]uniregistrymarket[.]link;ns2[.]uniregistrymarket[.]link,United States
coronacom[.]com,91[.]195[.]240[.]82,,,ns1bdg[.]name[.]com;ns2nsw[.]name[.]com;ns3dkz[.]name[.]com;ns4sxy[.]name[.]com,Germany
corona-virus[.]com,162[.]255[.]119[.]137,,eforward1[.]registrar-servers[.]com;eforward2[.]registrar-servers[.]com;eforward3[.]registrar-servers[.]com;eforward4[.]registrar-servers[.]com;eforward5[.]registrar-servers[.]com,dns1[.]registrar-servers[.]com;dns2[.]registrar-servers[.]com,United States
corona-viruss[.]com,35[.]186[.]212[.]101,,,ns35[.]domaincontrol[.]com;ns36[.]domaincontrol[.]com,United States
corona-virusu[.]com,85[.]159[.]66[.]93,,,ns1[.]natrohost[.]com;ns2[.]natrohost[.]com,Turkey
korona-virus[.]com,107[.]161[.]23[.]204;192[.]161[.]187[.]200;209[.]141[.]38[.]71,,,ns1[.]dnsowl[.]com;ns2[.]dnsowl[.]com;ns3[.]dnsowl[.]com,United States
coronamvirus[.]com,85[.]128[.]134[.]231,,coronamvirus[.]com,ns1[.]nazwa[.]pl;ns2[.]nazwa[.]pl;ns3[.]nazwa[.]pl,Poland
corona-wirus[.]com,85[.]128[.]128[.]104,,corona-wirus[.]com,ns1[.]nazwa[.]pl;ns2[.]nazwa[.]pl;ns3[.]nazwa[.]pl,Poland
coronna-virus[.]com,217[.]160[.]0[.]120,2001:8d8:100f:f000::252,mx00[.]ionos[.]fr;mx01[.]ionos[.]fr,ns1061[.]ui-dns[.]org;ns1063[.]ui-dns[.]biz;ns1067[.]ui-dns[.]de;ns1119[.]ui-dns[.]com,Germany
corona-viru[.]com,184[.]168[.]131[.]241,,,ns53[.]domaincontrol[.]com;ns54[.]domaincontrol[.]com,United States
coronavirus[.]com,162[.]242[.]150[.]89;176[.]34[.]241[.]253;23[.]253[.]58[.]227,,,ns1[.]uniregistry-dns[.]com;ns1[.]uniregistry-dns[.]net;ns2[.]uniregistry-dns[.]com;ns2[.]uniregistry-dns[.]net,United States
coron-virus[.]com,,2a00:f940:2:2:1:1:0:236,mx1[.]hosting[.]reg[.]ru;mx2[.]hosting[.]reg[.]ru,ns1[.]hosting[.]reg[.]ru;ns2[.]hosting[.]reg[.]ru,
corina-virus[.]com,81[.]169[.]145[.]88,2a01:238:20a:202:1088::,smtpin[.]rzone[.]de,docks08[.]rzone[.]de;shades19[.]rzone[.]de,Germany
corona-v[.]irus[.]com,54[.]85[.]200[.]131,,,,United States
corona-vir[.]us[.]com,78[.]142[.]29[.]210;79[.]124[.]78[.]120,,,,Bulgaria
coruna-virus[.]com,77[.]111[.]240[.]159,,mx1[.]pub[.]mailpod9-cph3[.]one[.]com;mx2[.]pub[.]mailpod9-cph3[.]one[.]com;mx3[.]pub[.]mailpod9-cph3[.]one[.]com,ns01[.]one[.]com;ns02[.]one[.]com,France
carona-virus[.]com,50[.]63[.]202[.]60,,,ns43[.]domaincontrol[.]com;ns44[.]domaincontrol[.]com,United States
corono-virus[.]com,94[.]136[.]40[.]51,,mx0[.]123-reg[.]co[.]uk;mx1[.]123-reg[.]co[.]uk,ns[.]123-reg[.]co[.]uk;ns2[.]123-reg[.]co[.]uk,United Kingdom
